N,cpu_time,gpu_time,Speedup
512,0.09,0.01,9.0
1024,0.36,0.02,18.0
2048,2.77,0.14,19.785714285714285
4096,490.42,1.08,454.09259259259255
