N,avg_time_sec,avg_power_watts,energy_mJ,gflops,gflops_per_watt,energy_per_flop_pj,occupancy_percent
256,0.245019,25.0,6125.4750,0.411,0.016,60.8511,6.25
512,1.92225,25.0,48056.2500,0.419,0.017,59.6745,6.25
256,0.247378,25.0,6184.4500,0.407,0.016,61.437,6.25
512,1.89845,25.0,47461.2500,0.424,0.017,58.9356,6.25
256,0.259295,25.0,6482.3750,0.388,0.016,64.3966,6.25
512,1.90872,25.0,47718.0000,0.422,0.017,59.2545,6.25
1024,17.3415,25.0,433537.5000,0.372,0.015,67.2939,6.25
2048,321.126,25.0,8028150.0000,0.160,0.006,155.767,6.25
